<?xml version="1.0" encoding="UTF-8"?>
<Configuration>
    <property name="LOG_FILE_KAFKA" value="/home/sachin/Desktop/Logs/SudarshanKafkaLogs/sudarshan-kafka-service.log"/>
    <include resource="org/springframework/boot/logging/logback/defaults.xml"/>
    <include resource="org/springframework/boot/logging/logback/console-appender.xml"/>
    <include resource="org/springframework/boot/logging/logback/file-appender.xml" />
    <include resource="co/elastic/logging/logback/boot/ecs-console-appender.xml" />
    <include resource="co/elastic/logging/logback/boot/ecs-file-appender.xml" />

		<root level="INFO">		
            <appender-ref ref="ECS_JSON_CONSOLE"/>
<!--            <appender-ref ref="FILE-ROLLING"/>-->
            <appender-ref ref="CONSOLE"/>
            <appender-ref ref="ECS_JSON_FILE"/>          
        </root> 
    <appender name="FILE-ROLLING" class="ch.qos.logback.core.rolling.RollingFileAppender">

        <file>${LOG_FILE_KAFKA}</file>
        <rollingPolicy class="ch.qos.logback.core.rolling.SizeAndTimeBasedRollingPolicy">
            <fileNamePattern>/home/sachin/Desktop/Logs/SudarshanKafkaLogs/archived/sudarshan-kafka-service-%d{yyyy-MM-dd}-%i.log</fileNamePattern>
            <!-- each archived file, size max 5KB -->
            <maxFileSize>3MB</maxFileSize>
            <!-- total size of all archive files, if total size > 20KB,
				it will delete old archived file -->
            <totalSizeCap>10MB</totalSizeCap>
            <!-- 60 days to keep -->
        </rollingPolicy>

        <encoder>
            <pattern>%d %p %c{1} [%t] %m%n</pattern>
        </encoder>
    </appender>

    <appender name="CONSOLE" class="ch.qos.logback.core.ConsoleAppender">
        <layout class="ch.qos.logback.classic.PatternLayout">
            <Pattern>
                %d{HH:mm:ss.SSS} [%t] %-5level %logger{36} - %msg%n
            </Pattern>
        </layout>
    </appender>
        <root level="INFO">		
            <appender-ref ref="ECS_JSON_CONSOLE"/>
            <appender-ref ref="FILE-ROLLING"/>
            <appender-ref ref="CONSOLE"/>
            <appender-ref ref="ECS_JSON_FILE"/>          
        </root>
    <springProfile name="prod | default">
        <!--    rotataing policy for project-->
        <logger name="com.ng" level="DEBUG" additivity="false">
            <appender-ref ref="FILE-ROLLING"/>
            <appender-ref ref="CONSOLE"/>
            <appender-ref ref="ECS_JSON_FILE"/>  
        </logger>
        <!--    rotatingpolicy for spring-->
        <logger name="org.springframework" level="INFO" additivity="false">
            <appender-ref ref="FILE-ROLLING"/>
            <appender-ref ref="CONSOLE"/>
            <appender-ref ref="ECS_JSON_FILE"/>  
        </logger>
        <logger name="org.hibernate" level="DEBUG" additivity="false">
            <appender-ref ref="FILE-ROLLING"/>
            <appender-ref ref="CONSOLE"/>
            <appender-ref ref="ECS_JSON_FILE"/>  
        </logger>

        <root level="INFO">
            <appender-ref ref="CONSOLE"/>
            <appender-ref ref="FILE-ROLLING"/>
              <appender-ref ref="CONSOLE"/>
            <appender-ref ref="ECS_JSON_FILE"/>   
        </root>
    </springProfile>
</Configuration>
