{"@timestamp":"2024-05-17T08:35:57.125Z","log.level": "INFO","message":"Post-processing PropertySource instances","ecs.version": "1.2.0","service.name":"spring-boot-application","event.dataset":"spring-boot-application","process.thread.name":"main","log.logger":"com.ulisesbocchio.jasyptspringboot.configuration.EnableEncryptablePropertiesBeanFactoryPostProcessor"}
{"@timestamp":"2024-05-17T08:35:57.160Z","log.level": "INFO","message":"Converting PropertySource configurationProperties [org.springframework.boot.context.properties.source.ConfigurationPropertySourcesPropertySource] to AOP Proxy","ecs.version": "1.2.0","service.name":"spring-boot-application","event.dataset":"spring-boot-application","process.thread.name":"main","log.logger":"com.ulisesbocchio.jasyptspringboot.EncryptablePropertySourceConverter"}
{"@timestamp":"2024-05-17T08:35:57.161Z","log.level": "INFO","message":"Converting PropertySource bootstrap [org.springframework.core.env.MapPropertySource] to EncryptableMapPropertySourceWrapper","ecs.version": "1.2.0","service.name":"spring-boot-application","event.dataset":"spring-boot-application","process.thread.name":"main","log.logger":"com.ulisesbocchio.jasyptspringboot.EncryptablePropertySourceConverter"}
{"@timestamp":"2024-05-17T08:35:57.161Z","log.level": "INFO","message":"Converting PropertySource commandLineArgs [org.springframework.core.env.SimpleCommandLinePropertySource] to EncryptableEnumerablePropertySourceWrapper","ecs.version": "1.2.0","service.name":"spring-boot-application","event.dataset":"spring-boot-application","process.thread.name":"main","log.logger":"com.ulisesbocchio.jasyptspringboot.EncryptablePropertySourceConverter"}
{"@timestamp":"2024-05-17T08:35:57.162Z","log.level": "INFO","message":"Converting PropertySource systemProperties [org.springframework.core.env.PropertiesPropertySource] to EncryptableMapPropertySourceWrapper","ecs.version": "1.2.0","service.name":"spring-boot-application","event.dataset":"spring-boot-application","process.thread.name":"main","log.logger":"com.ulisesbocchio.jasyptspringboot.EncryptablePropertySourceConverter"}
{"@timestamp":"2024-05-17T08:35:57.162Z","log.level": "INFO","message":"Converting PropertySource systemEnvironment [org.springframework.boot.env.SystemEnvironmentPropertySourceEnvironmentPostProcessor$OriginAwareSystemEnvironmentPropertySource] to EncryptableSystemEnvironmentPropertySourceWrapper","ecs.version": "1.2.0","service.name":"spring-boot-application","event.dataset":"spring-boot-application","process.thread.name":"main","log.logger":"com.ulisesbocchio.jasyptspringboot.EncryptablePropertySourceConverter"}
{"@timestamp":"2024-05-17T08:35:57.162Z","log.level": "INFO","message":"Converting PropertySource random [org.springframework.boot.env.RandomValuePropertySource] to EncryptablePropertySourceWrapper","ecs.version": "1.2.0","service.name":"spring-boot-application","event.dataset":"spring-boot-application","process.thread.name":"main","log.logger":"com.ulisesbocchio.jasyptspringboot.EncryptablePropertySourceConverter"}
{"@timestamp":"2024-05-17T08:35:57.162Z","log.level": "INFO","message":"Converting PropertySource cachedrandom [org.springframework.cloud.util.random.CachedRandomPropertySource] to EncryptablePropertySourceWrapper","ecs.version": "1.2.0","service.name":"spring-boot-application","event.dataset":"spring-boot-application","process.thread.name":"main","log.logger":"com.ulisesbocchio.jasyptspringboot.EncryptablePropertySourceConverter"}
{"@timestamp":"2024-05-17T08:35:57.162Z","log.level": "INFO","message":"Converting PropertySource springCloudClientHostInfo [org.springframework.core.env.MapPropertySource] to EncryptableMapPropertySourceWrapper","ecs.version": "1.2.0","service.name":"spring-boot-application","event.dataset":"spring-boot-application","process.thread.name":"main","log.logger":"com.ulisesbocchio.jasyptspringboot.EncryptablePropertySourceConverter"}
{"@timestamp":"2024-05-17T08:35:57.162Z","log.level": "INFO","message":"Converting PropertySource Config resource 'class path resource [bootstrap.yml]' via location 'optional:classpath:/' [org.springframework.boot.env.OriginTrackedMapPropertySource] to EncryptableMapPropertySourceWrapper","ecs.version": "1.2.0","service.name":"spring-boot-application","event.dataset":"spring-boot-application","process.thread.name":"main","log.logger":"com.ulisesbocchio.jasyptspringboot.EncryptablePropertySourceConverter"}
{"@timestamp":"2024-05-17T08:35:57.197Z","log.level": "INFO","message":"Property Filter custom Bean not found with name 'encryptablePropertyFilter'. Initializing Default Property Filter","ecs.version": "1.2.0","service.name":"spring-boot-application","event.dataset":"spring-boot-application","process.thread.name":"main","log.logger":"com.ulisesbocchio.jasyptspringboot.filter.DefaultLazyPropertyFilter"}
{"@timestamp":"2024-05-17T08:35:57.210Z","log.level": "INFO","message":"Property Resolver custom Bean not found with name 'encryptablePropertyResolver'. Initializing Default Property Resolver","ecs.version": "1.2.0","service.name":"spring-boot-application","event.dataset":"spring-boot-application","process.thread.name":"main","log.logger":"com.ulisesbocchio.jasyptspringboot.resolver.DefaultLazyPropertyResolver"}
{"@timestamp":"2024-05-17T08:35:57.211Z","log.level": "INFO","message":"Property Detector custom Bean not found with name 'encryptablePropertyDetector'. Initializing Default Property Detector","ecs.version": "1.2.0","service.name":"spring-boot-application","event.dataset":"spring-boot-application","process.thread.name":"main","log.logger":"com.ulisesbocchio.jasyptspringboot.detector.DefaultLazyPropertyDetector"}
{"@timestamp":"2024-05-17T08:35:57.494Z","log.level": "INFO","message":"Fetching config from server at : http://sachin.3rdfloordesktop.sdepune.ng:8085/","ecs.version": "1.2.0","service.name":"spring-boot-application","event.dataset":"spring-boot-application","process.thread.name":"main","log.logger":"org.springframework.cloud.config.client.ConfigServicePropertySourceLocator"}
{"@timestamp":"2024-05-17T08:35:57.510Z","log.level": "INFO","message":"Located environment: name=sudarshan-kafka-application, profiles=[test], label=null, version=null, state=null","ecs.version": "1.2.0","service.name":"spring-boot-application","event.dataset":"spring-boot-application","process.thread.name":"main","log.logger":"org.springframework.cloud.config.client.ConfigServicePropertySourceLocator"}
{"@timestamp":"2024-05-17T08:35:57.511Z","log.level": "INFO","message":"Located property source: [BootstrapPropertySource {name='bootstrapProperties-configClient'}, BootstrapPropertySource {name='bootstrapProperties-file:/home/sachin/Desktop/LatestPostgresCode/microservices_Config/sudarshan-kafka-application-test.yml'}, BootstrapPropertySource {name='bootstrapProperties-file:/home/sachin/Desktop/LatestPostgresCode/microservices_Config/application-test.yml'}]","ecs.version": "1.2.0","service.name":"spring-boot-application","event.dataset":"spring-boot-application","process.thread.name":"main","log.logger":"org.springframework.cloud.bootstrap.config.PropertySourceBootstrapConfiguration"}
{"@timestamp":"2024-05-17T08:42:21.349Z","log.level": "INFO","message":"Post-processing PropertySource instances","ecs.version": "1.2.0","service.name":"spring-boot-application","event.dataset":"spring-boot-application","process.thread.name":"main","log.logger":"com.ulisesbocchio.jasyptspringboot.configuration.EnableEncryptablePropertiesBeanFactoryPostProcessor"}
{"@timestamp":"2024-05-17T08:42:21.363Z","log.level": "INFO","message":"Converting PropertySource configurationProperties [org.springframework.boot.context.properties.source.ConfigurationPropertySourcesPropertySource] to AOP Proxy","ecs.version": "1.2.0","service.name":"spring-boot-application","event.dataset":"spring-boot-application","process.thread.name":"main","log.logger":"com.ulisesbocchio.jasyptspringboot.EncryptablePropertySourceConverter"}
{"@timestamp":"2024-05-17T08:42:21.364Z","log.level": "INFO","message":"Converting PropertySource bootstrap [org.springframework.core.env.MapPropertySource] to EncryptableMapPropertySourceWrapper","ecs.version": "1.2.0","service.name":"spring-boot-application","event.dataset":"spring-boot-application","process.thread.name":"main","log.logger":"com.ulisesbocchio.jasyptspringboot.EncryptablePropertySourceConverter"}
{"@timestamp":"2024-05-17T08:42:21.364Z","log.level": "INFO","message":"Converting PropertySource commandLineArgs [org.springframework.core.env.SimpleCommandLinePropertySource] to EncryptableEnumerablePropertySourceWrapper","ecs.version": "1.2.0","service.name":"spring-boot-application","event.dataset":"spring-boot-application","process.thread.name":"main","log.logger":"com.ulisesbocchio.jasyptspringboot.EncryptablePropertySourceConverter"}
{"@timestamp":"2024-05-17T08:42:21.364Z","log.level": "INFO","message":"Converting PropertySource systemProperties [org.springframework.core.env.PropertiesPropertySource] to EncryptableMapPropertySourceWrapper","ecs.version": "1.2.0","service.name":"spring-boot-application","event.dataset":"spring-boot-application","process.thread.name":"main","log.logger":"com.ulisesbocchio.jasyptspringboot.EncryptablePropertySourceConverter"}
{"@timestamp":"2024-05-17T08:42:21.364Z","log.level": "INFO","message":"Converting PropertySource systemEnvironment [org.springframework.boot.env.SystemEnvironmentPropertySourceEnvironmentPostProcessor$OriginAwareSystemEnvironmentPropertySource] to EncryptableSystemEnvironmentPropertySourceWrapper","ecs.version": "1.2.0","service.name":"spring-boot-application","event.dataset":"spring-boot-application","process.thread.name":"main","log.logger":"com.ulisesbocchio.jasyptspringboot.EncryptablePropertySourceConverter"}
{"@timestamp":"2024-05-17T08:42:21.364Z","log.level": "INFO","message":"Converting PropertySource random [org.springframework.boot.env.RandomValuePropertySource] to EncryptablePropertySourceWrapper","ecs.version": "1.2.0","service.name":"spring-boot-application","event.dataset":"spring-boot-application","process.thread.name":"main","log.logger":"com.ulisesbocchio.jasyptspringboot.EncryptablePropertySourceConverter"}
{"@timestamp":"2024-05-17T08:42:21.364Z","log.level": "INFO","message":"Converting PropertySource cachedrandom [org.springframework.cloud.util.random.CachedRandomPropertySource] to EncryptablePropertySourceWrapper","ecs.version": "1.2.0","service.name":"spring-boot-application","event.dataset":"spring-boot-application","process.thread.name":"main","log.logger":"com.ulisesbocchio.jasyptspringboot.EncryptablePropertySourceConverter"}
{"@timestamp":"2024-05-17T08:42:21.364Z","log.level": "INFO","message":"Converting PropertySource springCloudClientHostInfo [org.springframework.core.env.MapPropertySource] to EncryptableMapPropertySourceWrapper","ecs.version": "1.2.0","service.name":"spring-boot-application","event.dataset":"spring-boot-application","process.thread.name":"main","log.logger":"com.ulisesbocchio.jasyptspringboot.EncryptablePropertySourceConverter"}
{"@timestamp":"2024-05-17T08:42:21.365Z","log.level": "INFO","message":"Converting PropertySource Config resource 'class path resource [bootstrap.yml]' via location 'optional:classpath:/' [org.springframework.boot.env.OriginTrackedMapPropertySource] to EncryptableMapPropertySourceWrapper","ecs.version": "1.2.0","service.name":"spring-boot-application","event.dataset":"spring-boot-application","process.thread.name":"main","log.logger":"com.ulisesbocchio.jasyptspringboot.EncryptablePropertySourceConverter"}
{"@timestamp":"2024-05-17T08:42:21.400Z","log.level": "INFO","message":"Property Filter custom Bean not found with name 'encryptablePropertyFilter'. Initializing Default Property Filter","ecs.version": "1.2.0","service.name":"spring-boot-application","event.dataset":"spring-boot-application","process.thread.name":"main","log.logger":"com.ulisesbocchio.jasyptspringboot.filter.DefaultLazyPropertyFilter"}
{"@timestamp":"2024-05-17T08:42:21.412Z","log.level": "INFO","message":"Property Resolver custom Bean not found with name 'encryptablePropertyResolver'. Initializing Default Property Resolver","ecs.version": "1.2.0","service.name":"spring-boot-application","event.dataset":"spring-boot-application","process.thread.name":"main","log.logger":"com.ulisesbocchio.jasyptspringboot.resolver.DefaultLazyPropertyResolver"}
{"@timestamp":"2024-05-17T08:42:21.413Z","log.level": "INFO","message":"Property Detector custom Bean not found with name 'encryptablePropertyDetector'. Initializing Default Property Detector","ecs.version": "1.2.0","service.name":"spring-boot-application","event.dataset":"spring-boot-application","process.thread.name":"main","log.logger":"com.ulisesbocchio.jasyptspringboot.detector.DefaultLazyPropertyDetector"}
{"@timestamp":"2024-05-17T08:42:21.709Z","log.level": "INFO","message":"Fetching config from server at : http://sachin.3rdfloordesktop.sdepune.ng:8085/","ecs.version": "1.2.0","service.name":"spring-boot-application","event.dataset":"spring-boot-application","process.thread.name":"main","log.logger":"org.springframework.cloud.config.client.ConfigServicePropertySourceLocator"}
{"@timestamp":"2024-05-17T08:42:21.724Z","log.level": "INFO","message":"Located environment: name=sudarshan-kafka-application, profiles=[test], label=null, version=null, state=null","ecs.version": "1.2.0","service.name":"spring-boot-application","event.dataset":"spring-boot-application","process.thread.name":"main","log.logger":"org.springframework.cloud.config.client.ConfigServicePropertySourceLocator"}
{"@timestamp":"2024-05-17T08:42:21.725Z","log.level": "INFO","message":"Located property source: [BootstrapPropertySource {name='bootstrapProperties-configClient'}, BootstrapPropertySource {name='bootstrapProperties-file:/home/sachin/Desktop/LatestPostgresCode/microservices_Config/sudarshan-kafka-application-test.yml'}, BootstrapPropertySource {name='bootstrapProperties-file:/home/sachin/Desktop/LatestPostgresCode/microservices_Config/application-test.yml'}]","ecs.version": "1.2.0","service.name":"spring-boot-application","event.dataset":"spring-boot-application","process.thread.name":"main","log.logger":"org.springframework.cloud.bootstrap.config.PropertySourceBootstrapConfiguration"}
{"@timestamp":"2024-05-17T08:42:52.428Z","log.level": "INFO","message":"Post-processing PropertySource instances","ecs.version": "1.2.0","service.name":"spring-boot-application","event.dataset":"spring-boot-application","process.thread.name":"main","log.logger":"com.ulisesbocchio.jasyptspringboot.configuration.EnableEncryptablePropertiesBeanFactoryPostProcessor"}
{"@timestamp":"2024-05-17T08:42:52.440Z","log.level": "INFO","message":"Converting PropertySource configurationProperties [org.springframework.boot.context.properties.source.ConfigurationPropertySourcesPropertySource] to AOP Proxy","ecs.version": "1.2.0","service.name":"spring-boot-application","event.dataset":"spring-boot-application","process.thread.name":"main","log.logger":"com.ulisesbocchio.jasyptspringboot.EncryptablePropertySourceConverter"}
{"@timestamp":"2024-05-17T08:42:52.441Z","log.level": "INFO","message":"Converting PropertySource bootstrap [org.springframework.core.env.MapPropertySource] to EncryptableMapPropertySourceWrapper","ecs.version": "1.2.0","service.name":"spring-boot-application","event.dataset":"spring-boot-application","process.thread.name":"main","log.logger":"com.ulisesbocchio.jasyptspringboot.EncryptablePropertySourceConverter"}
{"@timestamp":"2024-05-17T08:42:52.441Z","log.level": "INFO","message":"Converting PropertySource commandLineArgs [org.springframework.core.env.SimpleCommandLinePropertySource] to EncryptableEnumerablePropertySourceWrapper","ecs.version": "1.2.0","service.name":"spring-boot-application","event.dataset":"spring-boot-application","process.thread.name":"main","log.logger":"com.ulisesbocchio.jasyptspringboot.EncryptablePropertySourceConverter"}
{"@timestamp":"2024-05-17T08:42:52.441Z","log.level": "INFO","message":"Converting PropertySource systemProperties [org.springframework.core.env.PropertiesPropertySource] to EncryptableMapPropertySourceWrapper","ecs.version": "1.2.0","service.name":"spring-boot-application","event.dataset":"spring-boot-application","process.thread.name":"main","log.logger":"com.ulisesbocchio.jasyptspringboot.EncryptablePropertySourceConverter"}
{"@timestamp":"2024-05-17T08:42:52.442Z","log.level": "INFO","message":"Converting PropertySource systemEnvironment [org.springframework.boot.env.SystemEnvironmentPropertySourceEnvironmentPostProcessor$OriginAwareSystemEnvironmentPropertySource] to EncryptableSystemEnvironmentPropertySourceWrapper","ecs.version": "1.2.0","service.name":"spring-boot-application","event.dataset":"spring-boot-application","process.thread.name":"main","log.logger":"com.ulisesbocchio.jasyptspringboot.EncryptablePropertySourceConverter"}
{"@timestamp":"2024-05-17T08:42:52.442Z","log.level": "INFO","message":"Converting PropertySource random [org.springframework.boot.env.RandomValuePropertySource] to EncryptablePropertySourceWrapper","ecs.version": "1.2.0","service.name":"spring-boot-application","event.dataset":"spring-boot-application","process.thread.name":"main","log.logger":"com.ulisesbocchio.jasyptspringboot.EncryptablePropertySourceConverter"}
{"@timestamp":"2024-05-17T08:42:52.442Z","log.level": "INFO","message":"Converting PropertySource cachedrandom [org.springframework.cloud.util.random.CachedRandomPropertySource] to EncryptablePropertySourceWrapper","ecs.version": "1.2.0","service.name":"spring-boot-application","event.dataset":"spring-boot-application","process.thread.name":"main","log.logger":"com.ulisesbocchio.jasyptspringboot.EncryptablePropertySourceConverter"}
{"@timestamp":"2024-05-17T08:42:52.442Z","log.level": "INFO","message":"Converting PropertySource springCloudClientHostInfo [org.springframework.core.env.MapPropertySource] to EncryptableMapPropertySourceWrapper","ecs.version": "1.2.0","service.name":"spring-boot-application","event.dataset":"spring-boot-application","process.thread.name":"main","log.logger":"com.ulisesbocchio.jasyptspringboot.EncryptablePropertySourceConverter"}
{"@timestamp":"2024-05-17T08:42:52.442Z","log.level": "INFO","message":"Converting PropertySource Config resource 'class path resource [bootstrap.yml]' via location 'optional:classpath:/' [org.springframework.boot.env.OriginTrackedMapPropertySource] to EncryptableMapPropertySourceWrapper","ecs.version": "1.2.0","service.name":"spring-boot-application","event.dataset":"spring-boot-application","process.thread.name":"main","log.logger":"com.ulisesbocchio.jasyptspringboot.EncryptablePropertySourceConverter"}
{"@timestamp":"2024-05-17T08:42:52.477Z","log.level": "INFO","message":"Property Filter custom Bean not found with name 'encryptablePropertyFilter'. Initializing Default Property Filter","ecs.version": "1.2.0","service.name":"spring-boot-application","event.dataset":"spring-boot-application","process.thread.name":"main","log.logger":"com.ulisesbocchio.jasyptspringboot.filter.DefaultLazyPropertyFilter"}
{"@timestamp":"2024-05-17T08:42:52.489Z","log.level": "INFO","message":"Property Resolver custom Bean not found with name 'encryptablePropertyResolver'. Initializing Default Property Resolver","ecs.version": "1.2.0","service.name":"spring-boot-application","event.dataset":"spring-boot-application","process.thread.name":"main","log.logger":"com.ulisesbocchio.jasyptspringboot.resolver.DefaultLazyPropertyResolver"}
{"@timestamp":"2024-05-17T08:42:52.491Z","log.level": "INFO","message":"Property Detector custom Bean not found with name 'encryptablePropertyDetector'. Initializing Default Property Detector","ecs.version": "1.2.0","service.name":"spring-boot-application","event.dataset":"spring-boot-application","process.thread.name":"main","log.logger":"com.ulisesbocchio.jasyptspringboot.detector.DefaultLazyPropertyDetector"}
{"@timestamp":"2024-05-17T08:42:52.804Z","log.level": "INFO","message":"Fetching config from server at : http://sachin.3rdfloordesktop.sdepune.ng:8085/","ecs.version": "1.2.0","service.name":"spring-boot-application","event.dataset":"spring-boot-application","process.thread.name":"main","log.logger":"org.springframework.cloud.config.client.ConfigServicePropertySourceLocator"}
{"@timestamp":"2024-05-17T08:42:52.821Z","log.level": "INFO","message":"Located environment: name=sudarshan-kafka-application, profiles=[test], label=null, version=null, state=null","ecs.version": "1.2.0","service.name":"spring-boot-application","event.dataset":"spring-boot-application","process.thread.name":"main","log.logger":"org.springframework.cloud.config.client.ConfigServicePropertySourceLocator"}
{"@timestamp":"2024-05-17T08:42:52.822Z","log.level": "INFO","message":"Located property source: [BootstrapPropertySource {name='bootstrapProperties-configClient'}, BootstrapPropertySource {name='bootstrapProperties-file:/home/sachin/Desktop/LatestPostgresCode/microservices_Config/sudarshan-kafka-application-test.yml'}, BootstrapPropertySource {name='bootstrapProperties-file:/home/sachin/Desktop/LatestPostgresCode/microservices_Config/application-test.yml'}]","ecs.version": "1.2.0","service.name":"spring-boot-application","event.dataset":"spring-boot-application","process.thread.name":"main","log.logger":"org.springframework.cloud.bootstrap.config.PropertySourceBootstrapConfiguration"}
